"Site_Id","veg_year","Percent_Cover_Tree (m²)","Percent_Cover_Shrub (m²)","Percent_Cover_Herb (m²)","Percent_Cover_Carpet (m²)","Avg_Height_Tree (m)","Avg_Height_Shrub (m)","Avg_Height_Herb (m)","Avg_Height_Carpet (m)","Volume_Tree (m³)","Volume_Shrub (m³)","Volume_Herb (m³)","Volume_Carpet (m³)","Volume_Vegetation (m³)","VVI",
"CRMS0002","2010","0","0","2.7","0","0","0","0.7254","0","0","0","1.9597","0","1.9597","34.1351",
"CRMS0003","2010","0","0","3.52","0","0","0","0.4932","0","0","0","1.7352","0","1.7352","26.8826",
"CRMS0006","2010","0","0","3.46","0","0","0","0.878","0","0","0","3.04","0","3.04","69.0329",
"CRMS0030","2010","0.016","0.82","3.416","0","0.6096","0.762","0.88","0","0.0975","1.585","3.046","0","4.7285","63.3732",
"CRMS0033","2010","0","0","3.18","0","0","0","0.9692","0","0","0","3.104","0","3.104","45.6346",
"CRMS0034","2010","0","0","3.42","0","0","0","1.1094","0","0","0","3.7843","0","3.7843","54.9193",
"CRMS0108","2010","0","0","3.76","0","0","0","0.7936","0","0","0","2.9817","0","2.9817","68.9379",
"CRMS0114","2010","0","0","3.3","0","0","0","0.62","0","0","0","2.1588","0","2.1588","32.9523",
"CRMS0115","2010","0","2.24","2.652","0","0","1.4356","0.9875","0","0","3.6807","2.5739","0","6.2546","79.5967",
"CRMS0117","2010","0.16","0","2.24","0","0.11","0","0.695","0","0.176","0","1.6132","0","1.7892","28.3354",
"CRMS0118","2010","0","0","3.92","0","0","0","0.9601","0","0","0","3.772","0","3.772","57.3676",
"CRMS0119","2010","0","0","3.68","0","0","0","0.9266","0","0","0","3.4319","0","3.4319","76.9159",
"CRMS0120","2010","0","0","3.692","0","0","0","0.9936","0","0","0","3.7067","0","3.7067","52.5405",
"CRMS0121","2010","0","0","2.62","0","0","0","0.919","0","0","0","2.4206","0","2.4206","37.3856",
"CRMS0125","2010","0","0","0.695","0","0","0","0.2629","0","0","0","0.5128","0","0.5128","11.6446",
"CRMS0128","2010","0.08","0","2.644","0","0.378","0","0.471","0","0.094","0","1.4646","0","1.5586","25.352",
"CRMS0129","2010","0","0","3.46","0","0","0","1.1521","0","0","0","3.9983","0","3.9983","87.8094",
"CRMS0131","2010","0","0.172","3.56","0","0","0.4663","1.0119","0","0","0.2193","3.7057","0","3.925","61.0599",
"CRMS0132","2010","0","1.3","3.2","0","0","1.3563","0.8656","0","0","1.9891","2.737","0","4.7261","75.3927",
"CRMS0135","2010","0","0","3.32","0","0","0","0.8085","0","0","0","2.6807","0","2.6807","54.2953",
"CRMS0136","2010","0","0.072","3.74","0","0","0.2591","1.1034","0","0","0.0927","4.1135","0","4.2062","77.1007",
"CRMS0139","2010","0","0","3.612","0","0","0","1.4295","0","0","0","5.2669","0","5.2669","69.9713",
"CRMS0146","2010","0","0","1.78","0","0","0","0.7772","0","0","0","1.3911","0","1.3911","20.6726",
"CRMS0147","2010","0","0","3.52","0","0","0","0.8479","0","0","0","2.9932","0","2.9932","68.5947",
"CRMS0148","2010","0","0.392","3.52","0","0","0.7224","1.2497","0","0","0.6134","4.4281","0","5.0415","84.2779",
"CRMS0154","2010","0","0","3.54","0","0","0","1.7678","0","0","0","6.1721","0","6.1721","77.4874",
"CRMS0164","2010","0","0","3.636","0","0","0","0.9692","0","0","0","3.5767","0","3.5767","76.2677",
"CRMS0173","2010","0","0","3.44","0","0","0","1.1765","0","0","0","4.0476","0","4.0476","93.0704",
"CRMS0175","2010","0","0","3.44","0","0","0","0.8077","0","0","0","2.7845","0","2.7845","62.7726",
"CRMS0178","2010","0","0","3.06","0","0","0","0.7711","0","0","0","2.5993","0","2.5993","59.0799",
"CRMS0179","2010","0","0","3.084","0","0","0","1.0607","0","0","0","3.2826","0","3.2826","74.9634",
"CRMS0181","2010","0","0","3.46","0","0","0","0.9631","0","0","0","3.3276","0","3.3276","78.9905",
"CRMS0188","2010","0.56","0","3.592","0","2.286","0","0.8625","0","4.2672","0","3.0807","0","7.3479","61.6581",
"CRMS0189","2010","0","0","3.26","0.1","0","0","1.2618","0.0305","0","0","4.1525","0.0305","4.183","59.1748",
"CRMS0190","2010","0","0","2.92","0","0","0","0.8839","0","0","0","2.6114","0","2.6114","38.388",
"CRMS0192","2010","0","0","3.72","0","0","0","1.3213","0","0","0","4.9265","0","4.9265","66.0902",
"CRMS0209","2010","0","0","3.848","0","0","0","1.0165","0","0","0","3.9069","0","3.9069","90.5885",
"CRMS0211","2010","0","0.06","3.16","0","0","0.2743","1.2283","0","0","0.0914","3.8831","0","3.9746","56.6699",
"CRMS0219","2010","0","0","3.34","0","0","0","1.1033","0","0","0","3.6873","0","3.6873","52.7556",
"CRMS0220","2010","0","0","3.492","0","0","0","0.7559","0","0","0","2.6361","0","2.6361","56.4328",
"CRMS0224","2010","0","0","3.3","0","0","0","1.1521","0","0","0","3.8031","0","3.8031","88.7849",
"CRMS0225","2010","0","0","3.452","0","0","0","0.8169","0","0","0","3.1515","0","3.1515","49.3454",
"CRMS0226","2010","0","0","3.46","0","0","0","1.079","0","0","0","3.7349","0","3.7349","88.0924",
"CRMS0232","2010","0","0","3.56","0","0","0","0.8808","0","0","0","3.135","0","3.135","74.3782",
"CRMS0248","2010","0","0","3.48","0","0","0","0.7742","0","0","0","2.6816","0","2.6816","55.7725",
"CRMS0251","2010","0","0","3.42","0","0","0","0.9205","0","0","0","3.1789","0","3.1789","70.6942",
"CRMS0253","2010","0","0","3.6","0","0","0","0.7406","0","0","0","2.6998","0","2.6998","57.5269",
"CRMS0258","2010","0","0","3.564","0","0","0","0.797","0","0","0","2.8356","0","2.8356","61.9231",
"CRMS0260","2010","0","0","3.22","0","0","0","0.8534","0","0","0","2.7741","0","2.7741","57.157",
"CRMS0261","2010","0","0","3.44","0","0","0","0.8778","0","0","0","3.0167","0","3.0167","45.0698",
"CRMS0263","2010","0","0","3.248","0","0","0","0.855","0","0","0","2.796","0","2.796","56.4136",
"CRMS0268","2010","0","0.08","3.32","0","0","0.2286","1.1765","0","0","0.1829","3.9153","0","4.0982","58.3264",
"CRMS0272","2010","0","0","3.148","0","0","0","1.2253","0","0","0","3.8478","0","3.8478","87.3399",
"CRMS0273","2010","0","0","2.46","0","0","0","1.1247","0","0","0","2.7711","0","2.7711","40.0679",
"CRMS0276","2010","0","0","3.16","0","0","0","0.7589","0","0","0","2.4085","0","2.4085","48.9526",
"CRMS0278","2010","0","0","3.34","0","0","0","1.0668","0","0","0","3.5459","0","3.5459","51.2134",
"CRMS0282","2010","0","0","3.66","0","0","0","0.892","0","0","0","3.282","0","3.282","76.3697",
"CRMS0287","2010","0","0","2.8","0.08","0","0","1.1155","0.0049","0","0","3.1272","0.0039","3.1311","45.5889",
"CRMS0290","2010","0","0","2.92","0.032","0","0","0.9113","0.0015","0","0","2.6505","0.0003","2.6508","38.6401",
"CRMS0292","2010","0","0.2","2.9","0","0","0.5639","0.8169","0","0","0.3871","2.3573","0","2.7444","59.198",
"CRMS0293","2010","0","0","3.58","0","0","0","0.8016","0","0","0","2.8602","0","2.8602","63.7995",
"CRMS0294","2010","0","0","2.612","0","0","0","1.721","0","0","0","4.5099","0","4.5099","60.1063",
"CRMS0296","2010","0","0","2.66","0","0","0","1.2832","0","0","0","3.4198","0","3.4198","49.408",
"CRMS0301","2010","0.28","0.12","3.508","0","0.9144","0.2438","1.0942","0","2.5603","0.2926","3.85","0","6.7029","61.034",
"CRMS0302","2010","0","0","2.42","0","0","0","0.6858","0","0","0","1.6647","0","1.6647","24.8579",
"CRMS0303","2010","0","0","2.88","0","0","0","0.7162","0","0","0","2.064","0","2.064","37.1448",
"CRMS0305","2010","0","0.08","3.32","0","0","0.1829","1.0272","0","0","0.1463","3.4272","0","3.5735","52.4352",
"CRMS0307","2010","0","0","3.28","0","0","0","0.9052","0","0","0","2.9784","0","2.9784","68.5953",
"CRMS0309","2010","0","0","3.48","0","0","0","1.018","0","0","0","3.5576","0","3.5576","73.5556",
"CRMS0310","2010","0","0","2.96","0","0","0","1.2192","0","0","0","3.5582","0","3.5582","83.7917",
"CRMS0311","2010","0","0","2.84","0","0","0","0.9174","0","0","0","2.6053","0","2.6053","56.4506",
"CRMS0312","2010","0","0","2.62","0","0","0","0.9052","0","0","0","2.3719","0","2.3719","37.1491",
"CRMS0315","2010","0","0","3.14","0","0","0","0.8961","0","0","0","2.8174","0","2.8174","62.9343",
"CRMS0318","2010","0","0","0.98","0","0","0","0.4886","0","0","0","0.6745","0","0.6745","10.6313",
"CRMS0319","2010","0","0","2.96","0","0","0","0.7925","0","0","0","2.4006","0","2.4006","49.4185",
"CRMS0322","2010","0","0","3.328","0","0","0","0.8934","0","0","0","2.988","0","2.988","67.4671",
"CRMS0326","2010","0","0","3.836","0","0","0","0.869","0","0","0","3.3355","0","3.3355","75.3473",
"CRMS0327","2010","0","0.18","3.22","0","0","0.29","0.924","0","0","0.522","3.002","0","3.524","47.1147",
"CRMS0329","2010","0","0","3.46","0","0","0","0.8839","0","0","0","2.9784","0","2.9784","42.949",
"CRMS0331","2010","0","0.2","3.62","0","0","0.3658","1.0973","0","0","0.4145","3.9563","0","4.3708","60.3515",
"CRMS0332","2010","0","0","2.7","0","0","0","0.8717","0","0","0","2.3364","0","2.3364","46.7694",
"CRMS0335","2010","0","0","0.76","0","0","0","0.5974","0","0","0","0.5384","0","0.5384","6.4829",
"CRMS0336","2010","0","0","1.62","0","0","0","0.6248","0","0","0","1.4179","0","1.4179","26.8363",
"CRMS0337","2010","0","0","3.22","0","0","0","0.8275","0","0","0","2.7176","0","2.7176","59.4033",
"CRMS0338","2010","0","0","0.216","0","0","0","0.3904","0","0","0","0.1353","0","0.1353","1.3616",
"CRMS0341","2010","0","0","2.62","0","0","0","0.9113","0","0","0","2.3877","0","2.3877","48.698",
"CRMS0345","2010","0","0","2.62","0","0","0","0.8949","0","0","0","2.345","0","2.345","48.1966",
"CRMS0347","2010","0","0","3.18","0","0","0","0.9424","0","0","0","3.0098","0","3.0098","68.744",
"CRMS0354","2010","0","0","3.432","0","0","0","1.036","0","0","0","3.571","0","3.571","71.644",
"CRMS0355","2010","0","0.32","2.58","0","0","0.4389","0.7802","0","0","0.4676","1.9981","0","2.4657","50.3492",
"CRMS0365","2010","0","0.1","3.28","0","0","0.4572","0.9357","0","0","0.4572","3.3295","0","3.7867","53.0944",
"CRMS0367","2010","0","0.44","3.22","0","0","0.6858","1.0058","0","0","0.8382","3.2614","0","4.0996","58.0917",
"CRMS0369","2010","0","0","3.32","0","0","0","0.9845","0","0","0","3.2729","0","3.2729","66.638",
"CRMS0371","2010","0","0","3.46","0","0","0","1.1155","0","0","0","3.858","0","3.858","55.3925",
"CRMS0374","2010","0","0","2.172","0","0","0","0.7778","0","0","0","1.7819","0","1.7819","32.9599",
"CRMS0376","2010","0","0","2.12","0","0","0","0.6419","0","0","0","1.3669","0","1.3669","20.1283",
"CRMS0377","2010","0","0.24","2.64","0","0","0.061","0.6766","0","0","0.1463","1.9872","0","2.1335","39.7017",
"CRMS0381","2010","0","0.1","3.34","0","0","0.32","2.0574","0","0","0.1615","6.8367","0","6.9982","89.0278",
"CRMS0382","2010","0","0.52","3.52","0.2","0","1.3777","1.2436","0.035","0","1.2631","4.3336","0.0219","5.6187","74.9634",
"CRMS0383","2010","0","0","2.82","0","0","0","0.8443","0","0","0","2.4042","0","2.4042","49.0174",
"CRMS0385","2010","0","0.14","3.4","0","0","0.4724","1.1613","0","0","0.2195","3.9002","0","4.1196","81.3827",
"CRMS0386","2010","0","0.18","3.568","0","0","0.1372","0.9906","0","0","0.2469","3.5369","0","3.7838","88.7502",
"CRMS0387","2010","0","0","3.388","0","0","0","0.9601","0","0","0","3.2772","0","3.2772","72.0576",
"CRMS0390","2010","0","0","2.3333","0","0","0","0.7671","0","0","0","2.2215","0","2.2215","46.0523",
"CRMS0392","2010","0","0","1.3673","0","0","0","0.8728","0","0","0","1.4835","0","1.4835","28.5832",
"CRMS0394","2010","0","0.14","3.1","0","0","0.2621","1.0506","0","0","0.2073","3.2099","0","3.4172","57.1991",
"CRMS0395","2010","0","0","3.14","0","0","0","1.0332","0","0","0","3.2094","0","3.2094","58.3443",
"CRMS0396","2010","0","0","3.02","0","0","0","0.8595","0","0","0","2.609","0","2.609","55.7021",
"CRMS0397","2010","0","0","3.24","0","0","0","1.0241","0","0","0","3.3064","0","3.3064","75.5428",
"CRMS0398","2010","0","0","2.84","0.012","0","0","1.0454","0.003","0","0","2.9851","0.0004","2.9855","56.4889",
"CRMS0399","2010","0","0","3.22","0","0","0","0.8443","0","0","0","2.7455","0","2.7455","50.2428",
"CRMS0400","2010","0","0","2.68","0","0","0","0.8869","0","0","0","2.4267","0","2.4267","42.1475",
"CRMS0409","2010","0","0.012","3.32","0","0","0.1829","1.7556","0","0","0.0219","5.9033","0","5.9253","70.0662",
"CRMS0411","2010","0","0","2.48","0","0","0","1.219","0","0","0","2.9316","0","2.9316","42.5282",
"CRMS0416","2010","0","0.372","3.02","0","0","0.509","1.1582","0","0","0.6681","3.496","0","4.1641","86.1098",
"CRMS0421","2010","0","0","2.18","0","0","0","0.9387","0","0","0","2.0792","0","2.0792","38.5894",
"CRMS0434","2010","0","0","3.42","0","0","0","1.3746","0","0","0","4.767","0","4.767","89.2467",
"CRMS0461","2010","0","0","3.28","0","0","0","1.2649","0","0","0","4.2367","0","4.2367","56.9625",
"CRMS0463","2010","0","0","3.3","0","0","0","1.2283","0","0","0","3.8696","0","3.8696","55.2029",
"CRMS0464","2010","0","0","3.916","0","0","0","1.52","0","0","0","5.9403","0","5.9403","78.7886",
"CRMS0465","2010","0","0","3.78","0","0","0","1.583","0","0","0","6.0112","0","6.0112","80.2152",
"CRMS0479","2010","0","0.06","3.54","0","0","0.1829","0.9723","0","0","0.1097","3.5039","0","3.6137","51.5068",
"CRMS0482","2010","0","0","3.02","0","0","0","0.8839","0","0","0","2.7828","0","2.7828","41.0716",
"CRMS0488","2010","0","0.16","3.08","0","0","0.2591","0.9845","0","0","0.4145","3.0454","0","3.4599","49.7474",
"CRMS0489","2010","0","0.04","2.82","0","0","0.1829","1.4142","0","0","0.0732","3.9574","0","4.0306","57.2436",
"CRMS0490","2010","0","0.04","2","0","0","0.1128","1.0698","0","0","0.0451","2.3792","0","2.4243","35.14",
"CRMS0493","2010","0","0.02","3.28","0.016","0","0.1676","0.8747","0.0183","0","0.0335","2.929","0.0015","2.964","43.0456",
"CRMS0494","2010","0","0","2.72","0","0","0","0.8612","0","0","0","2.3227","0","2.3227","37.418",
"CRMS0496","2010","0","0","2.46","0","0","0","1.3136","0","0","0","3.2832","0","3.2832","51.4852",
"CRMS0498","2010","0","0","3.38","0","0","0","0.6949","0","0","0","2.3456","0","2.3456","46.575",
"CRMS0499","2010","0","0","2.78","0","0","0","0.9022","0","0","0","2.52","0","2.52","42.839",
"CRMS0501","2010","0","0","2.52","0","0","0","0.9905","0","0","0","2.4693","0","2.4693","37.2138",
"CRMS0504","2010","0","0","2.5","0","0","0","0.7772","0","0","0","1.8945","0","1.8945","33.4704",
"CRMS0507","2010","0","0","1.8","0","0","0","1.0972","0","0","0","1.9525","0","1.9525","35.5524",
"CRMS0508","2010","0","0","3.1","0","0","0","0.8747","0","0","0","2.7199","0","2.7199","59.1307",
"CRMS0511","2010","0","0.12","2.62","0","0","0.3475","0.8869","0","0","0.139","2.359","0","2.498","36.6321",
"CRMS0514","2010","0","0.04","2.78","0","0","0.1829","1.335","0","0","0.0732","4.1208","0","4.1939","61.0497",
"CRMS0517","2010","0","0","3","0","0","0","0.9083","0","0","0","2.7224","0","2.7224","39.6736",
"CRMS0520","2010","0","0","2.44","0","0","0","0.9753","0","0","0","2.4786","0","2.4786","42.1951",
"CRMS0522","2010","0","0","2.54","0","0","0","0.8504","0","0","0","2.1683","0","2.1683","40.7237",
"CRMS0523","2010","0","0","2.68","0","0","0","0.8412","0","0","0","2.2712","0","2.2712","39.5093",
"CRMS0524","2010","0","0.08","3.18","0","0","0.1524","0.9083","0","0","0.1219","2.898","0","3.0199","67.5649",
"CRMS0527","2010","0","0","2.64","0","0","0","0.9204","0","0","0","2.4931","0","2.4931","47.908",
"CRMS0529","2010","0","0","2.54","0","0","0","0.7681","0","0","0","2.1664","0","2.1664","45.0499",
"CRMS0530","2010","0","0","2.24","0","0","0","0.6614","0","0","0","1.4538","0","1.4538","19.7454",
"CRMS0531","2010","0","0","3.52","0","0","0","0.9052","0","0","0","3.1857","0","3.1857","58.1451",
"CRMS0532","2010","0","0","2.02","0","0","0","0.7406","0","0","0","1.5928","0","1.5928","28.2342",
"CRMS0535","2010","0","0","3.52","0","0","0","1.018","0","0","0","3.5617","0","3.5617","76.1974",
"CRMS0536","2010","0","0","1.82","0","0","0","1.0241","0","0","0","1.9123","0","1.9123","35.326",
"CRMS0541","2010","0","0","2.96","0","0","0","1.1094","0","0","0","3.2813","0","3.2813","65.5122",
"CRMS0542","2010","0","0.092","2.82","0.06","0","0.4663","0.8961","0.003","0","0.1422","2.5426","0.0018","2.6866","38.9407",
"CRMS0543","2010","0","0","3.54","0","0","0","0.9479","0","0","0","3.321","0","3.321","47.6811",
"CRMS0544","2010","0.1","0","3.04","0","0.442","0","1.1582","0","0.442","0","3.5173","0","3.9592","54.7161",
"CRMS0545","2010","0","0.08","2.8","0","0","0.1859","1.4752","0","0","0.1487","4.1854","0","4.3341","60.8185",
"CRMS0549","2010","0","0","2.9","0","0","0","1.0485","0","0","0","2.901","0","2.901","49.6386",
"CRMS0550","2010","0","0","2.8","0","0","0","1.0393","0","0","0","2.9936","0","2.9936","46.3077",
"CRMS0551","2010","0","0.04","3.26","0","0","0.1981","1.2558","0","0","0.0792","3.9459","0","4.0251","57.6058",
"CRMS0552","2010","0.04","0.04","2.78","0","0.2012","0.1433","1.4234","0","0.0805","0.0573","3.9915","0","4.1293","61.5331",
"CRMS0553","2010","0","0","3.46","0","0","0","0.7803","0","0","0","2.7577","0","2.7577","43.7431",
"CRMS0554","2010","0.12","0.012","2.02","0","0.5639","0.2377","1.7678","0","0.3383","0.0285","3.6398","0","4.0067","51.1074",
"CRMS0556","2010","0","0.06","2.64","0.06","0","0.1981","1.2314","0.0061","0","0.1189","3.3515","0.0037","3.474","49.701",
"CRMS0557","2010","0","0","1.82","0","0","0","0.6583","0","0","0","1.0923","0","1.0923","20.0562",
"CRMS0560","2010","0","0.5","2.44","0","0","0.9144","0.5821","0","0","0.6693","1.4319","0","2.1012","31.9389",
"CRMS0562","2010","0","0","2.82","0","0","0","1.1613","0","0","0","3.2759","0","3.2759","53.6099",
"CRMS0565","2010","0","0.08","2.62","0.032","0","0.135","0.965","0.003","0","0.108","2.7874","0.001","2.8964","39.0517",
"CRMS0567","2010","0","0","0.674","0.104","0","0","0.4724","0.0152","0","0","0.3965","0.0094","0.4059","12.4673",
"CRMS0568","2010","0","0","3.612","0","0","0","1.75","0","0","0","6.3516","0","6.3516","84.3713",
"CRMS0570","2010","0","0.1","2.94","0","0","0.1097","0.9022","0","0","0.1097","2.6352","0","2.7449","40.1191",
"CRMS0571","2010","0","0","3.04","0","0","0","1.1277","0","0","0","3.4289","0","3.4289","70.8585",
"CRMS0572","2010","0","0","1.98","0","0","0","1.1094","0","0","0","2.1768","0","2.1768","32.1481",
"CRMS0574","2010","0","0.06","2.84","0","0","0.637","1.3868","0","0","0.1274","4.0098","0","4.1372","60.4947",
"CRMS0575","2010","0","0","1.88","0.492","0","0","0.9296","0.0716","0","0","1.8098","0.0415","1.8513","28.8295",
"CRMS0576","2010","0","0","2.72","0","0","0","1.4478","0","0","0","3.9208","0","3.9208","74.1027",
"CRMS0580","2010","0","0","1.368","0","0","0","0.962","0","0","0","1.4072","0","1.4072","23.1582",
"CRMS0581","2010","0","0","2.3","0","0","0","1.1612","0","0","0","2.6175","0","2.6175","56.7521",
"CRMS0583","2010","0","0","3.6","0","0","0","1.0698","0","0","0","3.88","0","3.88","66.6446",
"CRMS0584","2010","0","0","2.56","0","0","0","0.893","0","0","0","2.2116","0","2.2116","42.2082",
"CRMS0587","2010","0","0","0.72","0","0","0","0.2347","0","0","0","0.4631","0","0.4631","7.9006",
"CRMS0588","2010","0","0","2.96","0","0","0","0.9631","0","0","0","2.826","0","2.826","61.5468",
"CRMS0589","2010","0","0","3.58","0","0","0","0.381","0","0","0","1.3665","0","1.3665","18.2827",
"CRMS0590","2010","0","0","1.74","0","0","0","1.1308","0","0","0","2.1238","0","2.1238","32.6607",
"CRMS0593","2010","0.04","0.352","1.9","0.34","0.3658","1.3137","0.7741","0.0213","0.1463","0.7187","1.513","0.0225","2.4005","36.2298",
"CRMS0595","2010","0","0.06","2.74","0","0","0.317","1.5087","0","0","0.0933","4.2543","0","4.3476","59.3913",
"CRMS0599","2010","0","0","2.88","0","0","0","0.6644","0","0","0","1.8982","0","1.8982","31.9529",
"CRMS0600","2010","0","0","2.48","0","0","0","0.8412","0","0","0","2.0804","0","2.0804","37.6101",
"CRMS0603","2010","0","0","3.08","0","0","0","1.0637","0","0","0","3.2003","0","3.2003","50.318",
"CRMS0604","2010","0","0","2.26","0","0","0","1.0881","0","0","0","2.4456","0","2.4456","44.8806",
"CRMS0605","2010","0","0","3.4","0","0","0","0.9753","0","0","0","3.3479","0","3.3479","56.8951",
"CRMS0608","2010","0","0.08","2.98","0","0","0.189","1.0546","0","0","0.1512","3.0833","0","3.2344","69.5062",
"CRMS0609","2010","0","0","3.2","0","0","0","0.835","0","0","0","2.6986","0","2.6986","56.823",
"CRMS0610","2010","0","0","3.848","0","0","0","0.901","0","0","0","3.4633","0","3.4633","79.8115",
"CRMS0614","2010","0","0","1.484","0","0","0","0.267","0","0","0","0.7529","0","0.7529","11.8688",
"CRMS0615","2010","0","0","3.808","0","0","0","1.053","0","0","0","3.845","0","3.845","72.4269",
"CRMS0616","2010","0","0","2.36","0","0","0","0.9936","0","0","0","2.356","0","2.356","35.6191",
"CRMS0618","2010","0","0","3.24","0","0","0","0.7193","0","0","0","2.2432","0","2.2432","44.7145",
"CRMS0619","2010","0","0","3.06","0","0","0","0.893","0","0","0","2.7327","0","2.7327","53.5983",
"CRMS0623","2010","0","0","2.52","0","0","0","1.143","0","0","0","3.0509","0","3.0509","55.4524",
"CRMS0624","2010","0","0","2.98","0","0","0","1.2954","0","0","0","3.8404","0","3.8404","60.4378",
"CRMS0626","2010","0","0","3.9","0","0","0","1.271","0","0","0","4.9366","0","4.9366","69.0969",
"CRMS0630","2010","0","0","2.08","0","0","0","0.8625","0","0","0","1.797","0","1.797","33.4968",
"CRMS0632","2010","0","0","3.38","0","0","0","0.9723","0","0","0","3.2332","0","3.2332","74.3107",
"CRMS0633","2010","0","0","2.98","0","0","0","1.037","0","0","0","3.1122","0","3.1122","58.0176",
"CRMS0635","2010","0","0","3.26","0","0","0","0.7467","0","0","0","2.4206","0","2.4206","35.4228",
"CRMS0638","2010","0","0","3.932","0","0","0","0.886","0","0","0","3.487","0","3.487","68.6644",
"CRMS0639","2010","0","0.12","3.56","0","0","0.1219","0.8839","0","0","0.1463","2.9796","0","3.1259","45.7928",
"CRMS0641","2010","0","0","3.292","0","0","0","0.865","0","0","0","2.878","0","2.878","52.0862",
"CRMS0642","2010","0","0","3.68","0","0","0","0.8443","0","0","0","2.9869","0","2.9869","43.7666",
"CRMS0644","2010","0","0","3.632","0","0","0","1.069","0","0","0","3.9045","0","3.9045","86.29",
"CRMS0645","2010","0","0","3.12","0","0","0","0.6766","0","0","0","2.0859","0","2.0859","39.8558",
"CRMS0647","2010","0","0","3.92","0","0","0","0.8747","0","0","0","3.4081","0","3.4081","50.4454",
"CRMS0648","2010","0","0","3.84","0","0","0","0.7071","0","0","0","2.7169","0","2.7169","52.5632",
"CRMS0650","2010","0","0","1.62","0","0","0","0.6979","0","0","0","1.1259","0","1.1259","18.9864",
"CRMS0651","2010","0","0.3","3.22","0","0","0.133","1.081","0","0","0.399","3.589","0","3.988","68.1168",
"CRMS0655","2010","0","0","3.1","0","0","0","0.6157","0","0","0","1.8969","0","1.8969","31.629",
"CRMS0656","2010","0.12","0.14","2.4","0","0.4328","0.5822","0.6949","0","0.5194","0.3743","1.6214","0","2.5151","35.9359",
"CRMS0658","2010","0","0","2.9","0","0","0","0.9388","0","0","0","2.6675","0","2.6675","49.4536",
"CRMS0660","2010","0","0","0","0","0","0","0","0","0","0","0","0","0","0",
"CRMS0661","2010","0","0","3.16","0","0","0","0.8991","0","0","0","2.7919","0","2.7919","48.6795",
"CRMS0662","2010","0","0.26","3.24","0","0","0.3048","0.8107","0","0","0.3962","2.5877","0","2.9839","51.7167",
"CRMS0663","2010","0","0","2.04","0","0","0","0.7711","0","0","0","1.6166","0","1.6166","25.7968",
"CRMS0665","2010","0","0","2.7833","0","0","0","0.6146","0","0","0","2.0588","0","2.0588","33.9646",
"CRMS0669","2010","0","0","2.3867","0","0","0","0.7721","0","0","0","2.0006","0","2.0006","31.7914",
"CRMS0672","2010","0","0","2.88","0","0","0","0.701","0","0","0","2.003","0","2.003","35.3379",
"CRMS0677","2010","0","0","2.32","0","0","0","1.0607","0","0","0","2.3493","0","2.3493","41.0347",
"CRMS0680","2010","0","0","2.04","0","0","0","0.748","0","0","0","1.5566","0","1.5566","26.8132",
"CRMS0682","2010","0","0","2.62","0","0","0","0.8991","0","0","0","2.3548","0","2.3548","43.58",
"CRMS0683","2010","0","0.08","2.52","0.004","0","0.1219","0.7863","0.0091","0","0.0975","1.9756","0.0004","2.0735","33.2227",
"CRMS0684","2010","0","0","3.56","0","0","0","0.6522","0","0","0","2.3255","0","2.3255","46.1562",
"CRMS0685","2010","0","0","3.2","0","0","0","0.7345","0","0","0","2.3688","0","2.3688","46.9174",
"CRMS0687","2010","0","0","3.12","0","0","0","0.7162","0","0","0","2.2067","0","2.2067","42.1196",
"CRMS0691","2010","0","0","2.52","0","0","0","0.9814","0","0","0","2.4798","0","2.4798","36.4937",
"CRMS0693","2010","0","0.16","3.02","0.224","0","0.1097","1.4112","0.1128","0","0.1756","4.2366","0.0488","4.461","65.4908",
"CRMS0694","2010","0","0","2.652","0","0","0","0.762","0","0","0","2.0729","0","2.0729","29.753",
"CRMS0697","2010","0","0","3.44","0","0","0","1.1674","0","0","0","4.0269","0","4.0269","61.9268",
"CRMS0978","2010","0","0","3.28","0","0","0","0.9692","0","0","0","3.1955","0","3.1955","72.4355",
"CRMS1024","2010","0","0","3.46","0","0","0","0.6816","0","0","0","2.3126","0","2.3126","46.0045",
"CRMS1069","2010","0","0","3.28","0","0","0","0.632","0","0","0","2.0655","0","2.0655","37.0033",
"CRMS1100","2010","0","0","3.48","0","0","0","0.701","0","0","0","2.454","0","2.454","36.566",
"CRMS1130","2010","0","0","3.732","0","0","0","0.9282","0","0","0","3.4174","0","3.4174","50.2499",
"CRMS1205","2010","0","0","2.2338","0","0","0","0.5627","0","0","0","1.4955","0","1.4955","29.9949",
"CRMS1277","2010","0","0.16","3.288","0.44","0","0.402","0.838","0.032","0","0.322","2.7876","0.0312","3.1408","45.191",
"CRMS1409","2010","0","0","2.96","0","0","0","1.0302","0","0","0","3.0321","0","3.0321","44.2685",
"CRMS1413","2010","0","0","2.98","0","0","0","0.7894","0","0","0","2.3737","0","2.3737","37.392",
"CRMS1446","2010","0","0","2.46","0","0","0","1.1978","0","0","0","2.9278","0","2.9278","42.2808",
"CRMS1650","2010","0","0","2.38","0","0","0","0.8138","0","0","0","1.939","0","1.939","31.9721",
"CRMS1738","2010","0","0","3.588","0","0","0","0.879","0","0","0","3.1577","0","3.1577","72.0993",
"CRMS1743","2010","0","0","3.6","0","0","0","0.8473","0","0","0","3.0332","0","3.0332","68.1722",
"CRMS1838","2010","0","0","3.1","0","0","0","0.9296","0","0","0","2.8637","0","2.8637","42.0659",
"CRMS1858","2010","0","0","3.9","0","0","0","1.341","0","0","0","5.206","0","5.206","77.3902",
"CRMS1965","2010","0","0.06","2.3","0","0","0.1311","0.7924","0","0","0.0786","1.7903","0","1.8689","31.7261",
"CRMS2041","2010","0.14","0.26","2.9","0","0.3048","0.7864","1.8592","0","0.4267","0.534","5.5412","0","6.5019","89.2752",
"CRMS2154","2010","0","0.32","2.22","0","0","0.2835","0.9357","0","0","0.4749","2.1512","0","2.6261","40.5275",
"CRMS2156","2010","0","0.02","2.38","0","0","0.1341","0.9601","0","0","0.0268","2.2798","0","2.3066","38.9901",
"CRMS2166","2010","0","0","2.0857","0","0","0","0.6596","0","0","0","1.9332","0","1.9332","42.1692",
"CRMS2189","2010","0","0","3.84","0","0","0","0.6705","0","0","0","2.5827","0","2.5827","53.3142",
"CRMS2219","2010","0","0","2.86","0","0","0","0.8869","0","0","0","2.4298","0","2.4298","42.955",
"CRMS2334","2010","0","0","3.5","0","0","0","0.7559","0","0","0","2.6297","0","2.6297","54.3073",
"CRMS2418","2010","0","0","3.88","0","0","0","1.011","0","0","0","3.929","0","3.929","87.1513",
"CRMS2493","2010","0","0.2","2.8","0","0","0.5029","1.1369","0","0","0.3225","3.2564","0","3.5789","56.3803",
"CRMS2568","2010","0.32","0.86","3.48","0","2.1336","2.2555","0.9906","0","2.1336","3.3101","3.426","0","8.8697","77.4791",
"CRMS2608","2010","0","0","3.012","0","0","0","1.0668","0","0","0","3.4807","0","3.4807","42.4074",
"CRMS2614","2010","0","0","3.3","0","0","0","2.1336","0","0","0","6.8427","0","6.8427","75.7546",
"CRMS2627","2010","0","0","1.384","0","0","0","0.7162","0","0","0","1.0601","0","1.0601","20.4727",
"CRMS2634","2010","0","0","3.06","0","0","0","1.6886","0","0","0","5.6137","0","5.6137","57.7119",
"CRMS2785","2010","0","0","2.66","0.08","0","0","1.3167","0.0335","0","0","3.4375","0.0128","3.4503","49.6991",
"CRMS2825","2010","0","0.38","2.86","0","0","0.3962","1.3137","0","0","0.7529","3.763","0","4.5159","80.4995",
"CRMS2830","2010","0","0.18","2.72","0","0","0.29","0.76","0","0","0.286","2.071","0","2.357","34.886",
"CRMS2854","2010","0","0","3.36","0","0","0","0.77","0","0","0","2.595","0","2.595","43.2402",
"CRMS2862","2010","0","0.14","2.86","0","0","0.3048","1.1125","0","0","0.2134","3.1911","0","3.4045","49.406",
"CRMS2881","2010","0","0","3.66","0","0","0","0.9052","0","0","0","3.3381","0","3.3381","47.7229",
"CRMS2887","2010","0","0","2.32","0","0","0","1.146","0","0","0","2.6224","0","2.6224","38.1382",
"CRMS2939","2010","0","0.728","2.38","0.052","0","1.0211","0.4511","0.0061","0","1.9343","1.3288","0.0016","3.2647","41.1264",
"CRMS2991","2010","0","0.5","3.34","0","0","0.7285","1.3167","0","0","0.9193","4.4147","0","5.334","71.2592",
"CRMS3054","2010","0","0","3.76","0","0","0","1.4142","0","0","0","5.3327","0","5.3327","72.5564",
"CRMS3136","2010","0","0.08","3.52","0","0","0.3048","1.08","0","0","0.2438","3.772","0","4.0158","57.083",
"CRMS3166","2010","0","0","3.54","0","0","0","1.8928","0","0","0","6.6836","0","6.6836","84.1952",
"CRMS3169","2010","0","0","3.36","0","0","0","1.0119","0","0","0","3.4593","0","3.4593","50.9072",
"CRMS3296","2010","0","0","3.18","0","0","0","1.0363","0","0","0","3.3057","0","3.3057","76.6193",
"CRMS3565","2010","0","0","3.1","0","0","0","0.7345","0","0","0","2.2737","0","2.2737","45.0965",
"CRMS3601","2010","0","0","3.38","0","0","0","0.85","0","0","0","2.9044","0","2.9044","57.7861",
"CRMS3617","2010","0","0","3.152","0","0","0","0.9814","0","0","0","3.0931","0","3.0931","68.0675",
"CRMS3626","2010","0","0","3.18","0","0","0","0.8046","0","0","0","2.5559","0","2.5559","50.1499",
"CRMS3639","2010","0","0","3.18","0","0","0","0.7802","0","0","0","2.4864","0","2.4864","50.56",
"CRMS3641","2010","0","0","2.88","0","0","0","0.7864","0","0","0","2.2804","0","2.2804","43.2129",
"CRMS3650","2010","0","0","3.56","0","0","0","0.675","0","0","0","2.403","0","2.403","48.2858",
"CRMS3664","2010","0","0","2.94","0","0","0","0.6766","0","0","0","1.9921","0","1.9921","35.74",
"CRMS3667","2010","0","0","3.28","0","0","0","0.922","0","0","0","3.0174","0","3.0174","67.6959",
"CRMS3680","2010","0","0","3.44","0","0","0","1.1247","0","0","0","3.8641","0","3.8641","90.1383",
"CRMS3784","2010","0","0","3.32","0","0","0","0.6798","0","0","0","2.2534","0","2.2534","43.5353",
"CRMS3800","2010","0","0","2.308","0","0","0","0.8747","0","0","0","2.1112","0","2.1112","43.8379",
"CRMS3913","2010","0","0","3.48","0","0","0","1.0668","0","0","0","3.7111","0","3.7111","53.2947",
"CRMS3985","2010","0.02","0.02","3.54","0","0.244","0.121","0.85","0","0.0488","0.0242","3.01","0","3.083","44.5922",
"CRMS4014","2010","0","0","3.56","0","0","0","1.2588","0","0","0","4.5153","0","4.5153","64.6504",
"CRMS4016","2010","0","0","3.652","0","0","0","1.572","0","0","0","5.4438","0","5.4438","73.2437",
"CRMS4045","2010","0","0.6","3.48","0","0","0.8382","1.2039","0","0","1.3868","4.2013","0","5.5881","68.6005",
"CRMS4094","2010","0.128","0.572","2.7","0","1.95","1.305","0.815","0","1.332","0.9961","2.194","0","4.5221","54.2389",
"CRMS4103","2010","0","0","2.84","0","0","0","0.705","0","0","0","2.216","0","2.216","32.328",
"CRMS4107","2010","0","0","3.296","0","0","0","0.757","0","0","0","2.5576","0","2.5576","51.7874",
"CRMS4110","2010","0","0.24","2.98","0.06","0","0.3048","0.9325","0.0091","0","0.4146","2.7285","0.0055","3.1485","49.1395",
"CRMS4218","2010","0","0","3.96","0","0","0","1.1887","0","0","0","4.7164","0","4.7164","74.1267",
"CRMS4245","2010","0","0","3.48","0","0","0","0.9875","0","0","0","3.4106","0","3.4106","49.8606",
"CRMS4355","2010","0","2.54","1.592","0","0","1.6794","0.7863","0","0","4.3299","1.3179","0","5.6477","78.0596",
"CRMS4406","2010","0","0","2.56","0.1","0","0","0.72","0.004","0","0","1.862","0.002","1.864","32.5126",
"CRMS4407","2010","0","0.84","2.94","0","0","0.65","1.6642","0","0","1.338","5.72","0","7.058","75.2475",
"CRMS4448","2010","0","0","1.728","0","0","0","1.1521","0","0","0","2.022","0","2.022","31.8726",
"CRMS4455","2010","0","0","2.84","0","0","0","1.0424","0","0","0","2.9607","0","2.9607","69.1139",
"CRMS4529","2010","0","0","3.46","0","0","0","1.1735","0","0","0","4.0629","0","4.0629","90.1388",
"CRMS4548","2010","0","0","2.96","0","0","0","0.7528","0","0","0","2.2347","0","2.2347","43.0823",
"CRMS4551","2010","0","0","3.06","0","0","0","0.7924","0","0","0","2.3956","0","2.3956","48.9549",
"CRMS4557","2010","0","0","3.04","0","0","0","0.7772","0","0","0","2.3596","0","2.3596","47.4988",
"CRMS4572","2010","0","0","3.74","0","0","0","0.916","0","0","0","3.4238","0","3.4238","82.2055",
"CRMS4596","2010","0","0","3.58","0","0","0","0.8512","0","0","0","3.0493","0","3.0493","71.6023",
"CRMS4626","2010","0","0","3.64","0","0","0","1.8166","0","0","0","6.7658","0","6.7658","83.6537",
"CRMS4690","2010","0","0","3.34","0","0","0","0.7894","0","0","0","2.6358","0","2.6358","57.4223",
"CRMS4809","2010","0.9111","0.2889","2.2444","0","12.0227","1.0329","0.7857","0","10.668","0.7383","1.8402","0","13.2465","95.6356",
"CRMS6299","2010","0","0","3.512","0","0","0","1.005","0","0","0","3.5398","0","3.5398","83.1705",
"CRMS6301","2010","0","0","3.06","0","0","0","0.7924","0","0","0","2.4163","0","2.4163","49.6",
"CRMS6303","2010","0","0.14","3.26","0","0","0.1762","1.0802","0","0","0.2466","3.5392","0","3.7859","58.2539",
"CRMS6304","2010","0","0","3.7","0","0","0","1.5088","0","0","0","5.5748","0","5.5748","72.5379",
